escala_meses,archivos,gb_parquet,filas,consulta,fuente,primera_s,mediana_s,minima_s,ejecuciones,resultado_equivalente
1,2,0.048,3021175,q01_conteo_total,parquet,0.0528,0.0436,0.0394,5,True
1,2,0.048,3021175,q01_conteo_total,tabla,0.4208,0.1908,0.1639,5,True
1,2,0.048,3021175,q02_viajes_por_mes_y_tipo,parquet,0.4044,0.2401,0.223,5,True
1,2,0.048,3021175,q02_viajes_por_mes_y_tipo,tabla,3.3007,0.2525,0.2328,5,True
1,2,0.048,3021175,q03_tarifas_por_tipo_pago,parquet,0.2603,0.2178,0.1966,5,True
1,2,0.048,3021175,q03_tarifas_por_tipo_pago,tabla,4.5719,0.3028,0.2917,5,True
1,2,0.048,3021175,q04_top_zonas_recogida,parquet,0.2154,0.107,0.0987,5,True
1,2,0.048,3021175,q04_top_zonas_recogida,tabla,2.63,0.2585,0.2107,5,True
1,2,0.048,3021175,q05_perfil_dia_hora,parquet,0.2241,0.2267,0.2176,5,True
1,2,0.048,3021175,q05_perfil_dia_hora,tabla,0.2467,0.2408,0.2316,5,True
1,2,0.048,3021175,q06_filtro_selectivo_atipicos,parquet,0.1514,0.1755,0.1514,5,True
1,2,0.048,3021175,q06_filtro_selectivo_atipicos,tabla,0.278,0.278,0.2692,5,True
1,2,0.048,3021175,q07_escaneo_multiples_columnas,parquet,0.2557,0.2435,0.2188,5,True
1,2,0.048,3021175,q07_escaneo_multiples_columnas,tabla,4.2381,0.4178,0.3977,5,True
1,2,0.048,3021175,q08_mediana_y_percentil,parquet,0.8278,0.8278,0.5427,5,True
1,2,0.048,3021175,q08_mediana_y_percentil,tabla,0.8481,0.7793,0.6752,5,True
3,6,0.153,9722363,q01_conteo_total,parquet,0.1374,0.0757,0.0719,5,True
3,6,0.153,9722363,q01_conteo_total,tabla,0.3902,0.1339,0.1239,5,True
3,6,0.153,9722363,q02_viajes_por_mes_y_tipo,parquet,0.5618,0.3605,0.2922,5,True
3,6,0.153,9722363,q02_viajes_por_mes_y_tipo,tabla,2.6695,0.2632,0.2597,5,True
3,6,0.153,9722363,q03_tarifas_por_tipo_pago,parquet,0.4454,0.3071,0.2706,5,True
3,6,0.153,9722363,q03_tarifas_por_tipo_pago,tabla,3.2932,0.285,0.2681,5,True
3,6,0.153,9722363,q04_top_zonas_recogida,parquet,0.2229,0.1603,0.151,5,True
3,6,0.153,9722363,q04_top_zonas_recogida,tabla,2.484,0.1719,0.1688,5,True
3,6,0.153,9722363,q05_perfil_dia_hora,parquet,0.3332,0.3441,0.3159,5,True
3,6,0.153,9722363,q05_perfil_dia_hora,tabla,0.2021,0.2021,0.1914,5,True
3,6,0.153,9722363,q06_filtro_selectivo_atipicos,parquet,0.3043,0.2652,0.2508,5,True
3,6,0.153,9722363,q06_filtro_selectivo_atipicos,tabla,0.283,0.2774,0.2671,5,True
3,6,0.153,9722363,q07_escaneo_multiples_columnas,parquet,0.3894,0.3894,0.3738,5,True
3,6,0.153,9722363,q07_escaneo_multiples_columnas,tabla,3.4323,0.3884,0.3847,5,True
3,6,0.153,9722363,q08_mediana_y_percentil,parquet,1.5786,1.5041,1.3595,5,True
3,6,0.153,9722363,q08_mediana_y_percentil,tabla,1.7304,1.6206,1.346,5,True
6,12,0.326,20671900,q01_conteo_total,parquet,0.1548,0.1319,0.1229,5,True
6,12,0.326,20671900,q01_conteo_total,tabla,0.7124,0.1512,0.1399,5,True
6,12,0.326,20671900,q02_viajes_por_mes_y_tipo,parquet,0.9656,0.6227,0.5974,5,True
6,12,0.326,20671900,q02_viajes_por_mes_y_tipo,tabla,2.6176,0.3522,0.3321,5,True
6,12,0.326,20671900,q03_tarifas_por_tipo_pago,parquet,0.7161,0.5878,0.5281,5,True
6,12,0.326,20671900,q03_tarifas_por_tipo_pago,tabla,3.6186,0.3396,0.3338,5,True
6,12,0.326,20671900,q04_top_zonas_recogida,parquet,0.4869,0.2927,0.2868,5,True
6,12,0.326,20671900,q04_top_zonas_recogida,tabla,2.7304,0.1986,0.185,5,True
6,12,0.326,20671900,q05_perfil_dia_hora,parquet,0.7203,0.7146,0.6143,5,True
6,12,0.326,20671900,q05_perfil_dia_hora,tabla,0.2795,0.235,0.2301,5,True
6,12,0.326,20671900,q06_filtro_selectivo_atipicos,parquet,0.5147,0.5171,0.4681,5,True
6,12,0.326,20671900,q06_filtro_selectivo_atipicos,tabla,0.3523,0.2986,0.2776,5,True
6,12,0.326,20671900,q07_escaneo_multiples_columnas,parquet,0.8609,0.8012,0.7487,5,True
6,12,0.326,20671900,q07_escaneo_multiples_columnas,tabla,2.3561,0.4494,0.4097,5,True
6,12,0.326,20671900,q08_mediana_y_percentil,parquet,2.7424,2.8001,2.7424,5,True
6,12,0.326,20671900,q08_mediana_y_percentil,tabla,3.2972,3.2972,3.0909,5,True
12,24,0.66,41829938,q01_conteo_total,parquet,0.2423,0.2435,0.2423,5,True
12,24,0.66,41829938,q01_conteo_total,tabla,0.4505,0.1615,0.1547,5,True
12,24,0.66,41829938,q02_viajes_por_mes_y_tipo,parquet,1.5591,1.2015,1.1188,5,True
12,24,0.66,41829938,q02_viajes_por_mes_y_tipo,tabla,3.6108,0.5394,0.5172,5,True
12,24,0.66,41829938,q03_tarifas_por_tipo_pago,parquet,1.2885,1.1312,1.0003,5,True
12,24,0.66,41829938,q03_tarifas_por_tipo_pago,tabla,4.3006,0.4275,0.4051,5,True
12,24,0.66,41829938,q04_top_zonas_recogida,parquet,0.7712,0.6335,0.6181,5,True
12,24,0.66,41829938,q04_top_zonas_recogida,tabla,3.0961,0.2277,0.2244,5,True
12,24,0.66,41829938,q05_perfil_dia_hora,parquet,1.3783,1.3783,1.2299,5,True
12,24,0.66,41829938,q05_perfil_dia_hora,tabla,0.3362,0.3406,0.3245,5,True
12,24,0.66,41829938,q06_filtro_selectivo_atipicos,parquet,1.0584,1.0393,0.9765,5,True
12,24,0.66,41829938,q06_filtro_selectivo_atipicos,tabla,0.4042,0.4042,0.3889,5,True
12,24,0.66,41829938,q07_escaneo_multiples_columnas,parquet,1.5318,1.5318,1.495,5,True
12,24,0.66,41829938,q07_escaneo_multiples_columnas,tabla,3.712,0.6893,0.6132,5,True
12,24,0.66,41829938,q08_mediana_y_percentil,parquet,6.4182,6.2653,5.9773,5,True
12,24,0.66,41829938,q08_mediana_y_percentil,tabla,7.258,5.3609,4.785,5,True
24,48,1.447,91143915,q01_conteo_total,parquet,1.8712,0.9069,0.4924,5,True
24,48,1.447,91143915,q01_conteo_total,tabla,0.5686,0.2653,0.2606,5,True
24,48,1.447,91143915,q02_viajes_por_mes_y_tipo,parquet,7.2314,2.7766,2.302,5,True
24,48,1.447,91143915,q02_viajes_por_mes_y_tipo,tabla,3.575,1.0978,1.0448,5,True
24,48,1.447,91143915,q03_tarifas_por_tipo_pago,parquet,2.5671,2.1672,2.0093,5,True
24,48,1.447,91143915,q03_tarifas_por_tipo_pago,tabla,7.2909,0.6614,0.6105,5,True
24,48,1.447,91143915,q04_top_zonas_recogida,parquet,1.5092,1.3004,1.1836,5,True
24,48,1.447,91143915,q04_top_zonas_recogida,tabla,4.0952,0.3546,0.3365,5,True
24,48,1.447,91143915,q05_perfil_dia_hora,parquet,2.6522,2.6384,2.5579,5,True
24,48,1.447,91143915,q05_perfil_dia_hora,tabla,0.654,0.588,0.5782,5,True
24,48,1.447,91143915,q06_filtro_selectivo_atipicos,parquet,2.0778,2.1607,2.0038,5,True
24,48,1.447,91143915,q06_filtro_selectivo_atipicos,tabla,0.6477,0.6477,0.6322,5,True
24,48,1.447,91143915,q07_escaneo_multiples_columnas,parquet,3.0377,3.0377,2.826,5,True
24,48,1.447,91143915,q07_escaneo_multiples_columnas,tabla,4.171,0.8759,0.8398,5,True
24,48,1.447,91143915,q08_mediana_y_percentil,parquet,14.5954,15.0582,13.518,5,True
24,48,1.447,91143915,q08_mediana_y_percentil,tabla,15.3957,13.8398,11.0953,5,True
32,64,1.931,121184384,q01_conteo_total,parquet,0.7805,0.7624,0.6761,5,True
32,64,1.931,121184384,q01_conteo_total,tabla,0.0513,0.0016,0.0013,5,True
32,64,1.931,121184384,q02_viajes_por_mes_y_tipo,parquet,4.321,3.1505,2.963,5,True
32,64,1.931,121184384,q02_viajes_por_mes_y_tipo,tabla,4.6956,1.0521,0.9454,5,True
32,64,1.931,121184384,q03_tarifas_por_tipo_pago,parquet,3.9577,2.7581,2.7035,5,True
32,64,1.931,121184384,q03_tarifas_por_tipo_pago,tabla,5.6207,0.554,0.5157,5,True
32,64,1.931,121184384,q04_top_zonas_recogida,parquet,1.9962,1.6811,1.4712,5,True
32,64,1.931,121184384,q04_top_zonas_recogida,tabla,3.4749,0.1231,0.1193,5,True
32,64,1.931,121184384,q05_perfil_dia_hora,parquet,3.36,3.447,3.36,5,True
32,64,1.931,121184384,q05_perfil_dia_hora,tabla,0.4368,0.4509,0.4245,5,True
32,64,1.931,121184384,q06_filtro_selectivo_atipicos,parquet,2.5838,2.6344,2.5077,5,True
32,64,1.931,121184384,q06_filtro_selectivo_atipicos,tabla,0.4339,0.4535,0.4339,5,True
32,64,1.931,121184384,q07_escaneo_multiples_columnas,parquet,4.4015,4.2061,3.8539,5,True
32,64,1.931,121184384,q07_escaneo_multiples_columnas,tabla,3.8155,0.7478,0.7299,5,True
32,64,1.931,121184384,q08_mediana_y_percentil,parquet,19.3572,19.3572,16.8804,5,True
32,64,1.931,121184384,q08_mediana_y_percentil,tabla,21.6532,20.2981,17.931,5,True
