taxi,anio,mes,archivo,estado,bytes_local,bytes_servidor,filas
yellow,2024,1,yellow_tripdata_2024-01.parquet,OK,49961641,49961641,2964624
yellow,2024,2,yellow_tripdata_2024-02.parquet,OK,50349284,50349284,3007526
yellow,2024,3,yellow_tripdata_2024-03.parquet,OK,60078280,60078280,3582628
yellow,2024,4,yellow_tripdata_2024-04.parquet,OK,59133625,59133625,3514289
yellow,2024,5,yellow_tripdata_2024-05.parquet,OK,62553128,62553128,3723833
yellow,2024,6,yellow_tripdata_2024-06.parquet,OK,59859922,59859922,3539193
yellow,2024,7,yellow_tripdata_2024-07.parquet,OK,52299432,52299432,3076903
yellow,2024,8,yellow_tripdata_2024-08.parquet,OK,51067350,51067350,2979183
yellow,2024,9,yellow_tripdata_2024-09.parquet,OK,61170186,61170186,3633030
yellow,2024,10,yellow_tripdata_2024-10.parquet,OK,64346071,64346071,3833771
yellow,2024,11,yellow_tripdata_2024-11.parquet,OK,60658709,60658709,3646369
yellow,2024,12,yellow_tripdata_2024-12.parquet,OK,61524085,61524085,3668371
yellow,2025,1,yellow_tripdata_2025-01.parquet,OK,59158238,59158238,3475226
yellow,2025,2,yellow_tripdata_2025-02.parquet,OK,60343086,60343086,3577543
yellow,2025,3,yellow_tripdata_2025-03.parquet,OK,69964745,69964745,4145257
yellow,2025,4,yellow_tripdata_2025-04.parquet,OK,67352824,67352824,3970553
yellow,2025,5,yellow_tripdata_2025-05.parquet,OK,77837865,77837865,4591845
yellow,2025,6,yellow_tripdata_2025-06.parquet,OK,73542954,73542954,4322960
yellow,2025,7,yellow_tripdata_2025-07.parquet,OK,66943728,66943728,3898963
yellow,2025,8,yellow_tripdata_2025-08.parquet,OK,62293743,62293743,3574091
yellow,2025,9,yellow_tripdata_2025-09.parquet,OK,72432945,72432945,4251015
yellow,2025,10,yellow_tripdata_2025-10.parquet,OK,75267589,75267589,4428699
yellow,2025,11,yellow_tripdata_2025-11.parquet,OK,71134255,71134255,4181444
yellow,2025,12,yellow_tripdata_2025-12.parquet,OK,73701327,73701327,4305006
yellow,2026,1,yellow_tripdata_2026-01.parquet,OK,64165080,64165080,3724889
yellow,2026,2,yellow_tripdata_2026-02.parquet,OK,58683353,58683353,3399866
yellow,2026,3,yellow_tripdata_2026-03.parquet,OK,67891249,67891249,3952451
yellow,2026,4,yellow_tripdata_2026-04.parquet,OK,64818115,64818115,3831240
yellow,2026,5,yellow_tripdata_2026-05.parquet,OK,69699174,69699174,4090836
yellow,2026,6,yellow_tripdata_2026-06.parquet,OK,65465637,65465637,3837248
yellow,2026,7,yellow_tripdata_2026-07.parquet,OK,61685033,61685033,3530109
yellow,2026,8,yellow_tripdata_2026-08.parquet,OK,59043961,59043961,3336716
yellow,2026,9,yellow_tripdata_2026-09.parquet,NO_PUBLICADO,,,
yellow,2026,10,yellow_tripdata_2026-10.parquet,NO_PUBLICADO,,,
yellow,2026,11,yellow_tripdata_2026-11.parquet,NO_PUBLICADO,,,
yellow,2026,12,yellow_tripdata_2026-12.parquet,NO_PUBLICADO,,,
green,2024,1,green_tripdata_2024-01.parquet,OK,1362284,1362284,56551
green,2024,2,green_tripdata_2024-02.parquet,OK,1283805,1283805,53577
green,2024,3,green_tripdata_2024-03.parquet,OK,1372372,1372372,57457
green,2024,4,green_tripdata_2024-04.parquet,OK,1346502,1346502,56471
green,2024,5,green_tripdata_2024-05.parquet,OK,1453912,1453912,61003
green,2024,6,green_tripdata_2024-06.parquet,OK,1326194,1326194,54748
green,2024,7,green_tripdata_2024-07.parquet,OK,1250973,1250973,51837
green,2024,8,green_tripdata_2024-08.parquet,OK,1267079,1267079,51771
green,2024,9,green_tripdata_2024-09.parquet,OK,1326186,1326186,54440
green,2024,10,green_tripdata_2024-10.parquet,OK,1353731,1353731,56147
green,2024,11,green_tripdata_2024-11.parquet,OK,1264688,1264688,52222
green,2024,12,green_tripdata_2024-12.parquet,OK,1312306,1312306,53994
green,2025,1,green_tripdata_2025-01.parquet,OK,1178451,1178451,48326
green,2025,2,green_tripdata_2025-02.parquet,OK,1117474,1117474,46621
green,2025,3,green_tripdata_2025-03.parquet,OK,1253510,1253510,51539
green,2025,4,green_tripdata_2025-04.parquet,OK,1269227,1269227,52132
green,2025,5,green_tripdata_2025-05.parquet,OK,1338798,1338798,55399
green,2025,6,green_tripdata_2025-06.parquet,OK,1212934,1212934,49390
green,2025,7,green_tripdata_2025-07.parquet,OK,1188380,1188380,48205
green,2025,8,green_tripdata_2025-08.parquet,OK,1149707,1149707,46306
green,2025,9,green_tripdata_2025-09.parquet,OK,1209831,1209831,48893
green,2025,10,green_tripdata_2025-10.parquet,OK,1205685,1205685,49416
green,2025,11,green_tripdata_2025-11.parquet,OK,1164775,1164775,46912
green,2025,12,green_tripdata_2025-12.parquet,OK,1171145,1171145,48236
green,2026,1,green_tripdata_2026-01.parquet,OK,991656,991656,40272
green,2026,2,green_tripdata_2026-02.parquet,OK,920753,920753,37373
green,2026,3,green_tripdata_2026-03.parquet,OK,1082530,1082530,44208
green,2026,4,green_tripdata_2026-04.parquet,OK,1075896,1075896,44238
green,2026,5,green_tripdata_2026-05.parquet,OK,1102947,1102947,44921
green,2026,6,green_tripdata_2026-06.parquet,OK,1075836,1075836,44163
green,2026,7,green_tripdata_2026-07.parquet,OK,1018250,1018250,41252
green,2026,8,green_tripdata_2026-08.parquet,OK,1007530,1007530,40687
green,2026,9,green_tripdata_2026-09.parquet,NO_PUBLICADO,,,
green,2026,10,green_tripdata_2026-10.parquet,NO_PUBLICADO,,,
green,2026,11,green_tripdata_2026-11.parquet,NO_PUBLICADO,,,
green,2026,12,green_tripdata_2026-12.parquet,NO_PUBLICADO,,,
